Phrase,Reason,Risk
Automatic,Specific prostitution/trafficking language ,3
New in town,Transitive language,2
Limited Time,Transitive language,2
Just visiting,Transitive languag,2
Visiting,Transitive language,2
Passing through,Transitive language,2
Asian,Highlighting ethnicity or nationality.,2
Latino,Highlighting ethnicity or nationality.,2
Athletic,Highlighting ethnicity or nationality.,2
Petite,Highlighting ethnicity or nationality.,2
Chinese,Highlighting ethnicity or nationality.,2
Vietnamese,Highlighting ethnicity or nationality.,2
Korean,Highlighting ethnicity or nationality.,2
Thai,Highlighting ethnicity or nationality.,2
Ebony,Highlighting ethnicity or nationality.,2
Black,Highlighting ethnicity or nationality.,2
Barely legal,Possible underage/child sex exploitation signifier. ,4
Baby,Possible underage/child sex exploitation signifier. ,4
Backpage,Specific prostitution/trafficking language ,3
Bitch,General profane or prostitution language,1
skank,General profane or prostitution language,1
Bottom,General profane or prostitution language,1
Bottom Bitch,Specific prostitution/trafficking language ,3
Branding,Specific prostitution/trafficking language ,3
Brothel,Specific prostitution/trafficking language ,3
burned up,Specific prostitution/trafficking language ,3
Business Manager,Specific prostitution/trafficking language ,3
Buyer,Specific prostitution/trafficking language ,3
Call girl,General profane or prostitution language,1
Casanova,General profane or prostitution language,1
Cat house,Specific prostitution/trafficking language ,3
Caught A Case,Specific prostitution/trafficking language ,3
Choosing Up,Specific prostitution/trafficking language ,3
Circuit,Specific prostitution/trafficking language ,3
Companion,General profane or prostitution language,1
Crash-test dummy,Specific prostitution/trafficking language ,3
Daddy,General profane or prostitution language,1
Entertainer,General profane or prostitution language,1
Escort,Specific prostitution/trafficking language ,3
Escort Service,Specific prostitution/trafficking language ,3
Exit Fee,Specific prostitution/trafficking language ,3
Finesse,Specific prostitution/trafficking language ,3
Fresh meat,Specific prostitution/trafficking language ,3
Gorilla,Specific prostitution/trafficking language ,3
Guerilla,Specific prostitution/trafficking language ,3
Head Cut,Specific prostitution/trafficking language ,3
Hitting a lick,Specific prostitution/trafficking language ,3
Hitting licks,Specific prostitution/trafficking language ,3
Home girl,Specific prostitution/trafficking language ,3
In the life,Specific prostitution/trafficking language ,3
Incall,Specific prostitution/trafficking language ,3
John,General profane or prostitution language,1
Kiddie Stroll,Possible underage/child sex exploitation signifier. ,4
Loose Bitch,Specific prostitution/trafficking language ,3
Lot Lizard,Specific prostitution/trafficking language ,3
Lover Boy,Possible underage/child sex exploitation signifier. ,4
Madam,Specific prostitution/trafficking language ,3
money man,Specific prostitution/trafficking language ,3
Out of Pocket,Specific prostitution/trafficking language ,3
Outcall,Specific prostitution/trafficking language ,3
Papi,General profane or prostitution language,1
Patron,General profane or prostitution language,1
Pimp,Specific prostitution/trafficking language ,3
Pimp Circle,Specific prostitution/trafficking language ,3
Purchaser,Specific prostitution/trafficking language ,3
put it on the wire,Specific prostitution/trafficking language ,3
Quota,Specific prostitution/trafficking language ,3
Reckless Eyeballing,Specific prostitution/trafficking language ,3
Renegade,Specific prostitution/trafficking language ,3
Romeo,General profane or prostitution language,1
Seasoned,General profane or prostitution language,1
Seasoning,General profane or prostitution language,1
Serving a Pimp,Specific prostitution/trafficking language ,3
Special,General profane or prostitution language,1
Squaring Up,Specific prostitution/trafficking language ,3
Stable,Specific prostitution/trafficking language ,3
Stroll Ho,Specific prostitution/trafficking language ,3
Sugar daddy,General profane or prostitution language,1
Trade Down,Specific prostitution/trafficking language ,3
Trade Up,Specific prostitution/trafficking language ,3
Trick,General profane or prostitution language,1
Turn Out,Specific prostitution/trafficking language ,3
turned out,Specific prostitution/trafficking language ,3
vic in training,Specific prostitution/trafficking language ,3
wet behind the ears,Specific prostitution/trafficking language ,3
Whore,General profane or prostitution language,1
Whorehouse,Specific prostitution/trafficking language ,3
Wife-in-law,Specific prostitution/trafficking language ,3
Wifey,General profane or prostitution language,1
Wifeys,Specific prostitution/trafficking language ,3
work the red carpet,Specific prostitution/trafficking language ,3
10yo boys,Anything clearly denoting underage/child,5
2_CHILD,Anything clearly denoting underage/child,5
12 años,Anything clearly denoting underage/child,5
2018 pthc,Anything clearly denoting underage/child,5
11años,Anything clearly denoting underage/child,5
11yo,Anything clearly denoting underage/child,5
1yo whore!,Anything clearly denoting underage/child,5
14 years,Anything clearly denoting underage/child,5
(lolsonly),Possible underage/child sex exploitation signifier. ,4
2 8yo preteens,Anything clearly denoting underage/child,5
05yo,Anything clearly denoting underage/child,5
(pthc pedo),Anything clearly denoting underage/child,5
11yo horny preteen,Anything clearly denoting underage/child,5
1yrs,Anything clearly denoting underage/child,5
[jap loli],Possible underage/child sex exploitation signifier. ,4
10yo girls,Anything clearly denoting underage/child,5
06yrs,Anything clearly denoting underage/child,5
02yo,Anything clearly denoting underage/child,5
09yo Tori,Anything clearly denoting underage/child,5
(lolita anal),Possible underage/child sex exploitation signifier. ,4
13yrs,Anything clearly denoting underage/child,5
12yrs,Anything clearly denoting underage/child,5
10yr,Anything clearly denoting underage/child,5
12 Yo Lucy,Anything clearly denoting underage/child,5
11 años,Anything clearly denoting underage/child,5
11ans,Anything clearly denoting underage/child,5
08yrs,Anything clearly denoting underage/child,5
12 yo boy,Anything clearly denoting underage/child,5
06yo,Anything clearly denoting underage/child,5
13yo,Anything clearly denoting underage/child,5
0PVA,Anything clearly denoting underage/child,5
11y avi,Anything clearly denoting underage/child,5
05yrs,Anything clearly denoting underage/child,5
12yo+9yo,Anything clearly denoting underage/child,5
10yo,Anything clearly denoting underage/child,5
01yo,Anything clearly denoting underage/child,5
04yrs,Anything clearly denoting underage/child,5
08yo,Anything clearly denoting underage/child,5
04yo,Anything clearly denoting underage/child,5
11YRS,Anything clearly denoting underage/child,5
09yo,Anything clearly denoting underage/child,5
10 anos jovens do brasil,Anything clearly denoting underage/child,5
11YR,Anything clearly denoting underage/child,5
07yo,Anything clearly denoting underage/child,5
(9yrs),Anything clearly denoting underage/child,5
10yrs,Anything clearly denoting underage/child,5
14yo,Anything clearly denoting underage/child,5
2BABYJ,Possible underage/child sex exploitation signifier. ,4
07yrs,Anything clearly denoting underage/child,5
BabyShi,Possible underage/child sex exploitation signifier. ,4
Candygirls,Possible underage/child sex exploitation signifier. ,4
78PTHC,Anything clearly denoting underage/child,5
bambino,Possible underage/child sex exploitation signifier. ,4
7años bambina,Anything clearly denoting underage/child,5
9años,Anything clearly denoting underage/child,5
3yo whore!,Anything clearly denoting underage/child,5
8 años,Anything clearly denoting underage/child,5
Baby toddler,Anything clearly denoting underage/child,5
cbaby,Possible underage/child sex exploitation signifier. ,4
babyshi,Possible underage/child sex exploitation signifier. ,4
8 jahre,Anything clearly denoting underage/child,5
6YRS,Anything clearly denoting underage/child,5
babyshivid,Possible underage/child sex exploitation signifier. ,4
2yrs,Anything clearly denoting underage/child,5
7 años,Anything clearly denoting underage/child,5
BabyHeart image,Possible underage/child sex exploitation signifier. ,4
9yo,Anything clearly denoting underage/child,5
3_CHILD,Anything clearly denoting underage/child,5
boy+boy,Possible underage/child sex exploitation signifier. ,4
bd girls,Possible underage/child sex exploitation signifier. ,4
Carol 5yo girl,Anything clearly denoting underage/child,5
girl+girl,Possible underage/child sex exploitation signifier. ,4
baby-j,Possible underage/child sex exploitation signifier. ,4
BD-Magazine,Possible underage/child sex exploitation signifier. ,4
4_CHILD,Anything clearly denoting underage/child,5
Boychild,Anything clearly denoting underage/child,5
3YO,Anything clearly denoting underage/child,5
7yo,Anything clearly denoting underage/child,5
9yo tori,Anything clearly denoting underage/child,5
baby girl,Possible underage/child sex exploitation signifier. ,4
5_CHILD,Anything clearly denoting underage/child,5
baby jenny,Possible underage/child sex exploitation signifier. ,4
afican diaper,Possible underage/child sex exploitation signifier. ,4
Blue Orchid,Possible underage/child sex exploitation signifier. ,4
3yrs,Anything clearly denoting underage/child,5
baby in diapers,Anything clearly denoting underage/child,5
CBaby,Anything clearly denoting underage/child,5
baby,Anything clearly denoting underage/child,5
9yo whore!,Anything clearly denoting underage/child,5
CAROL_5YO,Anything clearly denoting underage/child,5
CAROL-5YO,Anything clearly denoting underage/child,5
5yo,Anything clearly denoting underage/child,5
Babyheart rip,Possible underage/child sex exploitation signifier. ,4
bambina,Possible underage/child sex exploitation signifier. ,4
baby boy,Anything clearly denoting underage/child,5
Blue Orchid Preteen Boys,Anything clearly denoting underage/child,5
bd-girls,Possible underage/child sex exploitation signifier. ,4
ASIAN-PTHC,Anything clearly denoting underage/child,5
babyj,Anything clearly denoting underage/child,5
HMM Lea,Possible underage/child sex exploitation signifier. ,4
cp pthc,Anything clearly denoting underage/child,5
Preteen boyfriend,Anything clearly denoting underage/child,5
daddaughter,Possible underage/child sex exploitation signifier. ,4
Falko collection pt1,Possible underage/child sex exploitation signifier. ,4
diaper,Possible underage/child sex exploitation signifier. ,4
cumshot preteen,Anything clearly denoting underage/child,5
Falko video!,Possible underage/child sex exploitation signifier. ,4
childfugga,Anything clearly denoting underage/child,5
goddess on green,Possible underage/child sex exploitation signifier. ,4
eurololita,Possible underage/child sex exploitation signifier. ,4
child porn,Anything clearly denoting underage/child,5
diaper baby,Anything clearly denoting underage/child,5
fuckboys (11yo),Anything clearly denoting underage/child,5
childporno,Anything clearly denoting underage/child,5
Fuck the child,Anything clearly denoting underage/child,5
frifam,Possible underage/child sex exploitation signifier. ,4
HMM,Possible underage/child sex exploitation signifier. ,4
Dad and Daughter,Possible underage/child sex exploitation signifier. ,4
Gay preteen boys,Anything clearly denoting underage/child,5
desi-young,Possible underage/child sex exploitation signifier. ,4
hairless pussy,Possible underage/child sex exploitation signifier. ,4
dirty diaper boy,Anything clearly denoting underage/child,5
child cjhildporn,Anything clearly denoting underage/child,5
child fucker,Anything clearly denoting underage/child,5
childlover,Anything clearly denoting underage/child,5
Daisys destruction,Possible underage/child sex exploitation signifier. ,4
darkcollection,Possible underage/child sex exploitation signifier. ,4
childp,Anything clearly denoting underage/child,5
fantasia models,Possible underage/child sex exploitation signifier. ,4
Deedesi,Anything clearly denoting underage/child,5
Dee (12yr) and Desi (13Yr),Anything clearly denoting underage/child,5
from Sven the pedofile,Anything clearly denoting underage/child,5
gaylolitaboy,Possible underage/child sex exploitation signifier. ,4
hairless boy,Possible underage/child sex exploitation signifier. ,4
desisuck,Possible underage/child sex exploitation signifier. ,4
HMM Gracel,Possible underage/child sex exploitation signifier. ,4
Childlovers,Anything clearly denoting underage/child,5
GracelRona,Possible underage/child sex exploitation signifier. ,4
family sex,Possible underage/child sex exploitation signifier. ,4
Falko private collection,Possible underage/child sex exploitation signifier. ,4
hairless,Possible underage/child sex exploitation signifier. ,4
childporn,Anything clearly denoting underage/child,5
child prostitute,Anything clearly denoting underage/child,5
Girlchild,Anything clearly denoting underage/child,5
dark studio,Possible underage/child sex exploitation signifier. ,4
dark robbery,Possible underage/child sex exploitation signifier. ,4
Kingpass,Possible underage/child sex exploitation signifier. ,4
kinderKutje,Anything clearly denoting underage/child,5
Kleuterkutje,Possible underage/child sex exploitation signifier. ,4
japan preteen,Anything clearly denoting underage/child,5
HMM Rona,Possible underage/child sex exploitation signifier. ,4
kids sex,Anything clearly denoting underage/child,5
kdquality,Possible underage/child sex exploitation signifier. ,4
lolita,Possible underage/child sex exploitation signifier. ,4
KG-12,Anything clearly denoting underage/child,5
kiddyfuck,Anything clearly denoting underage/child,5
Indian lolita,Possible underage/child sex exploitation signifier. ,4
infant rape,Anything clearly denoting underage/child,5
hussyfan,Possible underage/child sex exploitation signifier. ,4
lolita rape,Possible underage/child sex exploitation signifier. ,4
kinderficken,Anything clearly denoting underage/child,5
lolimania,Possible underage/child sex exploitation signifier. ,4
little baby whore,Anything clearly denoting underage/child,5
Loli Little Girls (full),Anything clearly denoting underage/child,5
kiddy porn,Anything clearly denoting underage/child,5
kidzilla,Anything clearly denoting underage/child,5
liluplanet,Possible underage/child sex exploitation signifier. ,4
INFANT,Anything clearly denoting underage/child,5
Kinderfickervideos,Anything clearly denoting underage/child,5
Latina Preteen,Anything clearly denoting underage/child,5
lolita4u,Possible underage/child sex exploitation signifier. ,4
lola,Possible underage/child sex exploitation signifier. ,4
incest baby,Anything clearly denoting underage/child,5
kindergarden,Anything clearly denoting underage/child,5
lolipop,Possible underage/child sex exploitation signifier. ,4
kiddy,Anything clearly denoting underage/child,5
infant,Anything clearly denoting underage/child,5
Kidcam,Anything clearly denoting underage/child,5
INCESTOS,Possible underage/child sex exploitation signifier. ,4
Lolita5,Possible underage/child sex exploitation signifier. ,4
kids,Anything clearly denoting underage/child,5
kinderficker,Anything clearly denoting underage/child,5
Kittycum,Possible underage/child sex exploitation signifier. ,4
Japanese lolita,Possible underage/child sex exploitation signifier. ,4
incest family fun,Possible underage/child sex exploitation signifier. ,4
kids fucked,Anything clearly denoting underage/child,5
HUSSYFANS,Possible underage/child sex exploitation signifier. ,4
loli,Possible underage/child sex exploitation signifier. ,4
littlegirl,Possible underage/child sex exploitation signifier. ,4
Little-Angels,Possible underage/child sex exploitation signifier. ,4
lolifuck,Possible underage/child sex exploitation signifier. ,4
Kindergarten,Anything clearly denoting underage/child,5
kid-dee,Anything clearly denoting underage/child,5
Pedo Kid,Anything clearly denoting underage/child,5
lollisweet,Possible underage/child sex exploitation signifier. ,4
preteens can be pedo too,Anything clearly denoting underage/child,5
Lsland,Possible underage/child sex exploitation signifier. ,4
ls-land,Possible underage/child sex exploitation signifier. ,4
ls-magazine,Possible underage/child sex exploitation signifier. ,4
Lsmagazine,Possible underage/child sex exploitation signifier. ,4
novinha,Possible underage/child sex exploitation signifier. ,4
NEW Preteen series,Anything clearly denoting underage/child,5
lsbar,Possible underage/child sex exploitation signifier. ,4
nenas de cuba,Possible underage/child sex exploitation signifier. ,4
nude children pedo,Anything clearly denoting underage/child,5
opva,Anything clearly denoting underage/child,5
mpegpedo,Anything clearly denoting underage/child,5
Nymphets,Possible underage/child sex exploitation signifier. ,4
mafiasex,General profane or prostitution language,1
ped0,Anything clearly denoting underage/child,5
nenas de venezuela,Possible underage/child sex exploitation signifier. ,4
Nablot 11y suck,Anything clearly denoting underage/child,5
Preteen in shower,Anything clearly denoting underage/child,5
Nordic PTHC,Anything clearly denoting underage/child,5
nenas de argentina,Possible underage/child sex exploitation signifier. ,4
lolly,Possible underage/child sex exploitation signifier. ,4
NoLimitsFun,Possible underage/child sex exploitation signifier. ,4
nenas portugal,Possible underage/child sex exploitation signifier. ,4
PEDO,Anything clearly denoting underage/child,5
nenas brasil,Possible underage/child sex exploitation signifier. ,4
manami 11yo,Anything clearly denoting underage/child,5
nenas de colombia,Possible underage/child sex exploitation signifier. ,4
nina de 12 anos,Anything clearly denoting underage/child,5
mylola,Possible underage/child sex exploitation signifier. ,4
Nova Scotia Girl,Possible underage/child sex exploitation signifier. ,4
ninas y bebitas,Anything clearly denoting underage/child,5
Pedo African girls,Anything clearly denoting underage/child,5
nenas de chile,Possible underage/child sex exploitation signifier. ,4
Pedo Child,Anything clearly denoting underage/child,5
OPVA,Anything clearly denoting underage/child,5
PTHC webcam,Anything clearly denoting underage/child,5
pornololitas,Possible underage/child sex exploitation signifier. ,4
Preteen boy Morten,Anything clearly denoting underage/child,5
pthc,Anything clearly denoting underage/child,5
PTSC,Anything clearly denoting underage/child,5
PTHC Yogirl,Anything clearly denoting underage/child,5
pretty little girl gets PTHCed,Anything clearly denoting underage/child,5
preteen,Anything clearly denoting underage/child,5
pedone,Anything clearly denoting underage/child,5
PTHC,Anything clearly denoting underage/child,5
PedoMummy,Anything clearly denoting underage/child,5
Preteen Superstar,Anything clearly denoting underage/child,5
preteenssss,Anything clearly denoting underage/child,5
"pthc, preteen, pedo",Anything clearly denoting underage/child,5
PreTeen HardCore,Anything clearly denoting underage/child,5
"pthc,preteen,pedo",Anything clearly denoting underage/child,5
PTHC-PTHC-PTHC,Anything clearly denoting underage/child,5
Porno Child,Anything clearly denoting underage/child,5
PedoMother,Anything clearly denoting underage/child,5
pornokind,Anything clearly denoting underage/child,5
Pedoland,Anything clearly denoting underage/child,5
PTHC-Tara,Anything clearly denoting underage/child,5
pthc-pedo-lolita,Anything clearly denoting underage/child,5
ptsc,Anything clearly denoting underage/child,5
Pteenlover,Anything clearly denoting underage/child,5
PTHC-Alex,Anything clearly denoting underage/child,5
ptsc_virgin,Anything clearly denoting underage/child,5
Preteen Nubiles,Anything clearly denoting underage/child,5
Porno Kid,Anything clearly denoting underage/child,5
Pedoman,Anything clearly denoting underage/child,5
ptsc-preteen-pthc,Anything clearly denoting underage/child,5
PedoMom,Anything clearly denoting underage/child,5
pthc-preteen-pedo,Anything clearly denoting underage/child,5
PedoKid,Anything clearly denoting underage/child,5
PornoKid,Anything clearly denoting underage/child,5
r@ygold,Anything clearly denoting underage/child,5
pedopojk,Anything clearly denoting underage/child,5
posing preteen girl,Anything clearly denoting underage/child,5
preteenz,Anything clearly denoting underage/child,5
pedowoman,Anything clearly denoting underage/child,5
PornoChild,Anything clearly denoting underage/child,5
PedoSister,Anything clearly denoting underage/child,5
Preteen webcam,Anything clearly denoting underage/child,5
PTHC-Vicky,Anything clearly denoting underage/child,5
preteens,Anything clearly denoting underage/child,5
Young lolita compilation,Possible underage/child sex exploitation signifier. ,4
Vicky Collection,Highlighting ethnicity or nationality.,2
speedoboy,Possible underage/child sex exploitation signifier. ,4
young,General profane or prostitution language,1
youngfriends,Possible underage/child sex exploitation signifier. ,4
Toddler Girl,Anything clearly denoting underage/child,5
voodoochild,Anything clearly denoting underage/child,5
young boy,Possible underage/child sex exploitation signifier. ,4
VIDEO-ANGELS,Possible underage/child sex exploitation signifier. ,4
young speedo boy,Possible underage/child sex exploitation signifier. ,4
Yng girl,Possible underage/child sex exploitation signifier. ,4
sweetlolita,Possible underage/child sex exploitation signifier. ,4
SWEETMINI,Possible underage/child sex exploitation signifier. ,4
Yamad boy 12yo,Anything clearly denoting underage/child,5
Shymodels,Possible underage/child sex exploitation signifier. ,4
vikki,Highlighting ethnicity or nationality.,2
underage,Anything clearly denoting underage/child,5
sweetlola,Possible underage/child sex exploitation signifier. ,4
yumiko 11yo,Anything clearly denoting underage/child,5
Yamad boy 10yo,Anything clearly denoting underage/child,5
Yng boy,Possible underage/child sex exploitation signifier. ,4
videoangels,Possible underage/child sex exploitation signifier. ,4
yungboy,Possible underage/child sex exploitation signifier. ,4
Tetitas,Possible underage/child sex exploitation signifier. ,4
toddler,Anything clearly denoting underage/child,5
younger than jailbait,Anything clearly denoting underage/child,5
vda 12a nina,Anything clearly denoting underage/child,5
Yamad boy 11yo,Anything clearly denoting underage/child,5
Youngest lolita,Possible underage/child sex exploitation signifier. ,4
young girl,Possible underage/child sex exploitation signifier. ,4
sway pak pthc,Anything clearly denoting underage/child,5
tinyboy,Possible underage/child sex exploitation signifier. ,4
sexo com baby girl,Anything clearly denoting underage/child,5
Toddler Boy,Anything clearly denoting underage/child,5
youngboy,Possible underage/child sex exploitation signifier. ,4
vicky,Highlighting ethnicity or nationality.,2
Youngest girls,Possible underage/child sex exploitation signifier. ,4
Reallola,Possible underage/child sex exploitation signifier. ,4
tinygirl,Possible underage/child sex exploitation signifier. ,4
Frifam pthc,Anything clearly denoting underage/child,5
Frifam vaginal 5yo,Anything clearly denoting underage/child,5
rare 10yo,Anything clearly denoting underage/child,5
Astrid 13yo,Anything clearly denoting underage/child,5
pthc 2019,Anything clearly denoting underage/child,5
Andy Candy 6yo,Anything clearly denoting underage/child,5
2019 kiddy porn,Anything clearly denoting underage/child,5
YVM,Possible underage/child sex exploitation signifier. ,4
captain child fuck,Anything clearly denoting underage/child,5
Prostitutas 11y,Anything clearly denoting underage/child,5
pedobarn,Anything clearly denoting underage/child,5
Litle pussy 6yo,Anything clearly denoting underage/child,5
andy candy 6 yo,Anything clearly denoting underage/child,5
incesto lolita 5y,Anything clearly denoting underage/child,5
litl3 11yo,Anything clearly denoting underage/child,5
( PTHC ),Anything clearly denoting underage/child,5
NEW pthc 2019,Anything clearly denoting underage/child,5
10yo mandy,Anything clearly denoting underage/child,5
AndyCandy 6yo,Anything clearly denoting underage/child,5
pedo 2019,Anything clearly denoting underage/child,5
brothel pedo,Anything clearly denoting underage/child,5
p3do,Anything clearly denoting underage/child,5
andy candy 6yo,Anything clearly denoting underage/child,5
AndyCandy pthc,Anything clearly denoting underage/child,5
slidemovie pedo,Anything clearly denoting underage/child,5
Pre Jailbait,Anything clearly denoting underage/child,5
pthc 19,Anything clearly denoting underage/child,5